newRowNames melody,worker,title,file_key_name,comment
,その他,,etc,
,,TRICK->Antique Mistic,antique,
,,TRICK->謎解いてるところ(仮),nazo,
,,MOTHER2->ホテル[白蝶貝のネックレス],hakucho,
,,MOTHER3->ホテルなYADO,hoterunayado,
,,極上パロディウス->なにみてはねる?,nanimite,
,,極上パロディウス->ネコ戦艦よ永遠なれ(星条旗よ永遠なれ),nekosenkan,
,,奇々怪界->山道,sando,
,,よ〜く考えよ〜,yok,
,,蒲田行進曲,kamata,
,,玄関のチャイム,genkan,
,,Ievan Polkka,ievan,
,みんなのうた,,min,
,,グラスホッパー物語,grass,
,,まっくら森の歌,makkura,
,,メトロポリタン美術館,metoro
,あがた森魚,,agt
,,女の友情,onna
,犬神サーカス団,,inu
,,兄の病の特効薬は血の池地獄のような死臭漂う人肉スープの形而上学,jinniku
,,赤い蛇,akaihebi
,,見世物小屋口上,misemono
,,青蛾の群,aog
,,黒髪,kur
,,路上,roj
,,地獄の子守唄,jig
,,赤猫,akaneko
,,血の贖い,tinoaganai
,,赤痣の娼婦,akaaza
,,陽炎,kagero
,,怪談！首つりの森,kaidan
,,涅槃に咲く白い花〜凶子のダンチョネ節〜,nehan
,,洗脳,senno
,,ウロコの女,uroko
,,最新型アンドロイド,saisingata
,大槻ケンヂ,,oot
,,恋人よ逃げよう世界はこわれたおもちゃだから,koi
,,モンブランケーキ,mon
,,あのさぁ,anosa
,,猫のリンナ,neko
,空手バカボン,,kar
,,おおもうけバカボン,omo
,,中央線ヤクザブルース,chu
,,のんきな兄さん,non
,,家族の肖像,kaz
,,屋根の上の猫とボク,yane
,cali≠gari,,cal
,,新宿ヱレキテル,sin
,,新宿ヱレキテル(の尻尾),si2
,筋肉少女帯,,kin
,,釈迦,shaka
,,マタンゴ,matango
,,ドリフター,dorifu
,,外道節,gedo
,,孤島の鬼,kotonooni
,,イタコ・LOVE〜ブルーハート〜,itako
,,オレンジ・エビス,ora
,,えー、まあ、そーゆー事で…で、えー…さよなら〜！！,e
,,ララミー,rara
,,夜歩く,yoru
,,ゴーゴー蟲娘,gogo
,,詩人オウムの世界,sijin
,,月とテブクロ,tuki
,,サボテンとバントライン,saboten
,,少女の王国,shoujo
,,おサル音頭,osaru
,,タイアップ,tai
,,ノゾミ・カナエ・タマエ,nozomi
,,香菜､頭をよくしてあげよう,kana
,,愛のためいき,aino
,,リミックス・リルカの葬列,riruka
,,トゥルー・ロマンス,TRUE
,,哀愁のこたつみかん,aishu
,,サンフランシスコ（新）,san
,,サーチライト,sarchi
,倉橋ヨエコ,,kur
,,椿壮,tsubaki
,グルグル映畫館,,gur
,,空を飛びたがった子供,sor
,,紺碧さに誘われた子供,kon
,,夜の紺碧の所為なのです,yoruno_konpeki
,,赤い花・空の青,aka
,,日曜日の朝,nic
,,雨で飛び立つ男と女,ame
,,お話の後の唄,ohanasi
,,そのままでいいよ。,sonomama
,,帰り道の小唄,kae
,,レツゴー日常、こんにちは非日常。,ret
,,そして僕等は生きてゆく,sos
,ジムノペディ,,jim
,,主従関係,shuju
,,手紙,tegami
,人生,,jin
,,おさびし山,osabisi
,,笠じぞう,kasa
,たま,,tama
,,電車かもしれない,densha
,谷山浩子,,tani
,,意味なしアリス,imi
,,ウミガメスープ,umi
,,リカちゃんのポケット,rika
,電気グルーヴ,,den
,,あすなろサンシャイン,asunaro
,,COSMIC SURFIN’ Ecstasy bathroom mix,cos
,,ドリルキング社歌2001,drill
,,Nothing’s gonna change,nothing
,,シャングリラ,shang
,,虹,niji
,特撮,,tok
,,バーバレラ,bar
,,ゴスロリちゃん綱渡りから落下す,gosu
,,花火,hanabi
,,オムライザー,om
,,パティー・サワディー,paty
,,プログレ・エディ,pro
,,殺神,satu
,,シーサイド美術館,sea
,,友よ,tomoyo
,,うさぎ,usagi
,ミドリカワ書房,,mid
,,保健室の先生,hoken
,daniwell,,daniwell
,,Nyanyanyanyanyanyanya!,nya
,kihirohito,,kihirohito
,,愛される犬,aisareru
,SUPER BELL”Z,,spb
,,MOTOR MAN 名古屋 急行新鵜沼行,nagoya
,,MOTER MAN 南部支線,nanbu
,,MOTOR MAN 中華特急みなとみらい,chuka
,YMO,,ymo
,,ABSOLUTE EGO DANCE,abs
,,COSMIC SURFIN,cos
,,東風,ton
,ZUNTATA,,zun
,,RAYSTORM->SLAUGHTER HOUR,slaughter
,,RAYCRISIS->99%じゃ駄目だ、100%じゃなきゃ駄目なんだ,99
,,RAYCRISIS->女の子にはセンチメンタルなんて感情はない,on
,,RAYCRISIS->BLUE -地球に棲む日-,blue
,,RAYCRISIS->生命の風が吹く場所,sei
,,FLARE,flare
,麻原彰晃尊師,,son
,,麻原彰晃マーチ(ライブ・バージョン),asl
,,麻原彰晃マーチ,son
,,ガネーシャ体操,gan
,,エンマの数え歌,enm
,,はばたけ！明日に向かって,haba
,,地獄,jig
,,極厳修行者音頭,kyoku
,,タントラヤーナ,tan
,,めざせタントラヤーナ もすかうのように,mez
,,未来へ,mir
,,修行よ進め！,shu
,,真理教、魔を祓う尊師の歌,sin
,,救えオウム ヤマトのように,sukue
end,,,
